Date,Product,Region,Channel,Quantity,Unit_Price,Revenue,Discount_Pct,Customer_Rating
2025-11-24,Phone,West,Online,9,632.6,5693.37,0,4.5
2025-10-30,Mouse,West,Online,3,44.41,133.23,0,4.2
2025-11-29,Monitor,South,Partner,15,343.38,4635.66,10,4.7
2025-08-05,Case,North,Retail,7,18.16,101.67,20,3.2
2025-06-26,Webcam,East,Online,2,84.81,144.17,15,3.2
2025-10-10,Charger,North,Online,20,30.91,494.57,20,3.4
2025-12-05,Headphones,Central,Retail,3,157.14,377.13,20,3.2
2025-11-22,Case,North,Partner,12,17.72,212.62,0,4.4
2025-11-22,Tablet,West,Online,8,452.07,3616.53,0,3.5
2025-12-17,Case,East,Retail,2,20.3,40.61,0,4.6
2025-02-03,Headphones,East,Partner,19,161.31,2605.18,15,4.3
2025-08-23,Tablet,West,Retail,8,427.89,2909.63,15,3.5
2025-10-26,Mouse,North,Online,5,47.65,214.41,10,4.5
2025-11-18,Tablet,East,Partner,14,475.23,5987.88,10,3.8
2025-05-09,Monitor,West,Retail,1,374.18,318.06,15,4.4
2025-11-25,Case,Central,Partner,14,17.52,245.33,0,4.9
2025-04-02,Monitor,South,Retail,10,377.8,3022.41,20,4.2
2025-03-24,Monitor,North,Retail,17,380.65,6471.12,0,4.0
2025-06-07,Headphones,North,Partner,19,135.83,2580.7,0,4.0
2025-03-06,Tablet,East,Online,18,463.35,8340.22,0,4.7
2025-10-04,Headphones,West,Retail,13,155.35,1716.57,15,3.9
2025-03-03,Headphones,South,Online,11,140.8,1548.76,0,3.5
2025-02-06,Laptop,Central,Partner,2,850.26,1360.42,20,4.0
2025-09-06,Headphones,East,Online,19,150.17,2567.89,10,4.6
2025-02-18,Phone,North,Partner,12,721.23,8221.97,5,4.7
2025-12-01,Phone,South,Partner,11,637.57,5610.65,20,3.5
2025-08-18,Tablet,East,Partner,9,441.98,3778.97,5,4.8
2025-02-20,Laptop,North,Online,18,926.36,13339.52,20,
2025-03-27,Mouse,East,Online,7,48.86,273.61,20,3.1
2025-07-19,Charger,West,Partner,15,31.47,472.11,0,4.9
2025-09-07,Tablet,Central,Online,7,421.15,2948.07,0,4.1
2025-01-26,Webcam,South,Online,17,88.59,1505.98,0,4.0
2025-11-01,Phone,South,Partner,8,723.49,5498.56,5,4.8
2025-11-01,Laptop,Central,Online,14,920.46,10953.53,15,4.0
2025-12-09,Case,Central,Online,13,18.01,234.09,0,3.6
2025-01-05,Keyboard,Central,Online,19,80.91,1537.37,0,3.4
2025-06-28,Phone,Central,Partner,12,752.02,9024.26,0,4.7
2025-12-01,Monitor,South,Retail,18,314.65,5663.63,0,3.2
2025-03-01,Phone,Central,Online,5,732.89,3664.45,0,3.4
2025-12-18,Charger,Central,Online,9,29.03,209.03,20,4.3
2025-01-02,Case,East,Partner,9,20.03,180.27,0,4.1
2025-01-05,Phone,Central,Partner,5,639.62,2878.29,10,
2025-10-10,Tablet,North,Retail,2,442.69,885.39,0,4.9
2025-04-18,Headphones,West,Partner,12,153.97,1478.16,20,4.7
2025-03-21,Headphones,Central,Retail,6,159.87,911.23,5,
2025-12-09,Headphones,South,Online,4,142.05,539.79,5,4.7
2025-08-24,Case,South,Retail,8,18.26,146.08,0,
2025-06-18,Charger,West,Retail,9,31.11,280.02,0,3.8
2025-01-15,Phone,North,Online,9,751.71,6765.39,0,5.0
2025-11-02,Mouse,East,Partner,11,47.49,496.25,5,4.0
2025-04-08,Charger,South,Retail,14,26.36,369.0,0,4.6
2025-08-09,Phone,Central,Partner,11,761.75,7541.35,10,4.7
2025-06-08,Mouse,East,Partner,10,47.3,425.67,10,3.8
2025-03-31,Webcam,South,Retail,13,90.23,1055.69,10,3.6
2025-10-24,Webcam,East,Partner,15,91.75,1307.49,5,3.4
2025-03-28,Phone,South,Partner,20,668.77,13375.47,0,4.9
2025-06-08,Headphones,East,Partner,5,158.14,790.68,0,
2025-02-07,Keyboard,East,Online,19,77.65,1475.32,0,3.8
2025-03-17,Laptop,West,Retail,4,969.6,3102.72,20,3.4
2025-01-26,Monitor,West,Partner,4,331.49,1259.68,5,3.9
2025-11-01,Case,East,Partner,15,20.71,279.59,10,4.8
2025-08-17,Tablet,Central,Partner,16,470.88,7157.38,5,3.5
2025-09-06,Headphones,Central,Partner,3,142.28,362.82,15,3.5
2025-02-11,Tablet,East,Retail,13,417.64,4614.97,15,3.4
2025-06-19,Monitor,West,Partner,2,346.62,693.24,0,3.8
2025-01-11,Webcam,East,Partner,1,86.87,86.87,0,3.8
2025-10-07,Webcam,East,Retail,16,96.08,1537.3,0,4.0
2025-12-09,Mouse,East,Partner,15,51.2,767.95,0,4.1
2025-10-16,Laptop,Central,Retail,14,824.19,11538.71,0,3.4
2025-06-17,Headphones,East,Retail,11,147.65,1299.32,20,3.6
2025-02-11,Keyboard,North,Partner,18,71.41,1285.31,0,3.7
2025-01-21,Laptop,South,Online,7,979.84,5487.11,20,
2025-03-06,Keyboard,Central,Online,19,81.68,1551.87,0,3.5
2025-11-07,Webcam,North,Partner,4,97.25,311.21,20,4.9
2025-01-14,Charger,West,Partner,13,29.44,363.58,5,3.4
2025-11-18,Headphones,West,Online,10,137.14,1097.09,20,4.6
2025-06-27,Monitor,East,Retail,12,344.0,4128.01,0,3.7
2025-02-24,Mouse,West,Partner,15,53.52,682.33,15,3.4
2025-05-19,Webcam,West,Retail,18,94.49,1360.6,20,3.9
2025-06-15,Headphones,East,Partner,3,158.86,476.57,0,3.5
2025-11-09,Mouse,Central,Retail,16,47.4,606.68,20,4.0
2025-06-24,Charger,South,Online,9,31.21,252.77,10,
2025-05-04,Mouse,East,Online,8,48.89,332.44,15,4.4
2025-02-17,Charger,West,Partner,8,27.39,219.08,0,3.7
2025-06-26,Mouse,Central,Retail,18,53.87,969.61,0,3.9
2025-04-29,Phone,South,Online,11,729.94,8029.29,0,4.9
2025-04-21,Keyboard,North,Online,19,75.47,1147.12,20,3.6
2025-06-01,Headphones,North,Online,10,144.85,1448.54,0,3.3
2025-10-11,Charger,North,Partner,5,30.15,128.12,15,4.0
2025-05-26,Keyboard,East,Online,11,78.66,865.3,0,3.5
2025-02-03,Mouse,West,Retail,19,48.92,790.04,15,3.3
2025-02-13,Headphones,West,Retail,14,137.63,1734.14,10,4.2
2025-08-19,Keyboard,West,Partner,19,75.8,1368.16,5,4.2
2025-02-20,Headphones,West,Online,9,152.74,1168.46,15,3.5
2025-03-22,Laptop,Central,Partner,20,882.55,16768.48,5,3.5
2025-08-21,Phone,South,Retail,9,725.2,5221.41,20,4.2
2025-02-28,Monitor,South,Retail,5,329.79,1648.96,0,3.1
2025-11-01,Webcam,East,Retail,15,96.5,1447.46,0,3.6
2025-09-14,Monitor,East,Partner,3,348.57,941.13,10,
2025-06-15,Webcam,West,Partner,3,84.56,253.67,0,4.7
2025-01-11,Charger,Central,Online,6,29.44,167.82,5,3.9
2025-10-27,Mouse,Central,Partner,16,50.32,805.13,0,3.8
2025-02-23,Tablet,West,Online,16,433.72,6939.46,0,3.8
2025-08-21,Phone,West,Online,11,673.07,7403.76,0,3.8
2025-12-03,Monitor,East,Partner,2,346.35,692.69,0,4.2
2025-08-15,Laptop,East,Online,18,845.7,15222.6,0,3.9
2025-01-15,Webcam,North,Online,6,94.33,565.97,0,4.1
2025-02-28,Keyboard,Central,Retail,5,86.06,408.8,5,3.6
2025-09-05,Keyboard,West,Partner,18,74.95,1349.12,0,4.8
2025-03-11,Phone,North,Retail,14,667.72,9348.07,0,4.0
2025-06-02,Webcam,Central,Retail,16,90.42,1157.41,20,4.1
2025-10-10,Monitor,West,Retail,11,340.43,2995.78,20,4.4
2025-04-30,Mouse,South,Retail,16,44.53,605.58,15,3.8
2025-01-19,Tablet,East,Online,19,449.21,8534.91,0,4.7
2025-09-27,Keyboard,North,Retail,5,71.34,338.88,5,4.9
2025-05-16,Case,West,Retail,13,19.47,215.13,15,3.7
2025-06-12,Keyboard,Central,Online,2,84.88,152.79,10,4.3
2025-02-16,Mouse,North,Online,4,53.69,204.01,5,3.6
2025-06-16,Laptop,West,Partner,12,861.85,9825.06,5,4.1
2025-04-03,Tablet,East,Partner,20,419.82,6717.14,20,4.4
2025-03-15,Headphones,East,Retail,9,147.84,1264.05,5,3.0
2025-12-13,Monitor,East,Partner,15,325.13,4876.9,0,3.6
2025-05-09,Keyboard,East,Partner,7,84.46,561.63,5,3.2
2025-07-03,Webcam,Central,Online,10,85.37,853.67,0,4.3
2025-10-17,Laptop,South,Partner,16,972.83,12452.21,20,3.6
2025-06-30,Headphones,South,Partner,20,153.07,3061.42,0,4.4
2025-02-19,Laptop,North,Retail,15,864.65,12969.69,0,4.5
2025-06-17,Mouse,West,Partner,5,45.82,183.29,20,4.9
2025-05-20,Tablet,North,Retail,16,427.18,5467.85,20,4.7
2025-02-08,Tablet,East,Partner,8,471.82,3019.67,20,4.3
2025-07-07,Phone,Central,Partner,1,739.64,739.64,0,3.9
2025-07-15,Case,West,Retail,8,17.51,133.09,5,
2025-11-09,Headphones,South,Online,15,153.4,1955.85,15,3.8
2025-01-20,Charger,East,Retail,4,31.88,127.51,0,4.1
2025-07-09,Monitor,West,Retail,5,343.36,1630.94,5,4.7
2025-05-24,Laptop,Central,Online,7,933.21,6205.86,5,3.5
2025-12-18,Case,North,Retail,12,19.17,230.03,0,3.4
2025-02-16,Headphones,South,Partner,20,153.22,3064.46,0,3.7
2025-04-16,Phone,South,Retail,18,745.11,13411.95,0,4.6
2025-03-17,Webcam,North,Partner,5,80.15,400.75,0,4.6
2025-01-14,Tablet,North,Online,8,405.43,2919.13,10,3.3
2025-08-04,Monitor,West,Online,3,322.03,917.79,5,3.7
2025-08-20,Monitor,West,Retail,20,329.56,6591.28,0,4.8
2025-08-23,Laptop,East,Partner,16,820.04,10496.47,20,4.4
2025-08-16,Phone,West,Partner,11,754.82,7472.69,10,3.3
2025-10-27,Monitor,West,Retail,13,363.81,4256.56,10,3.9
2025-02-20,Phone,South,Retail,18,748.32,11449.3,15,3.9
2025-06-23,Keyboard,Central,Online,4,77.4,309.6,0,4.3
2025-12-18,Keyboard,Central,Online,3,72.16,216.48,0,4.5
2025-10-12,Laptop,Central,Partner,18,914.55,14815.65,10,3.2
2025-08-05,Laptop,South,Online,20,983.22,19664.36,0,4.2
2025-12-03,Keyboard,Central,Partner,4,74.64,298.57,0,3.7
2025-04-26,Mouse,West,Partner,20,52.38,942.89,10,4.1
2025-12-22,Charger,Central,Online,9,26.27,200.95,15,4.8
2025-04-03,Tablet,North,Online,13,454.96,5914.42,0,4.3
2025-09-29,Headphones,Central,Partner,15,145.31,2179.66,0,3.6
2025-11-02,Phone,North,Retail,5,752.59,3762.96,0,3.1
2025-08-15,Mouse,North,Retail,15,48.86,696.25,5,4.5
2025-08-09,Phone,South,Retail,19,668.7,12070.0,5,3.6
2025-11-03,Laptop,Central,Retail,10,810.48,8104.82,0,4.5
2025-03-03,Laptop,South,Partner,14,898.53,12579.42,0,4.1
2025-10-14,Case,North,Retail,2,17.37,33.01,5,
2025-10-22,Mouse,Central,Online,14,49.72,696.07,0,3.0
2025-11-13,Keyboard,East,Partner,12,84.25,1010.95,0,3.2
2025-07-25,Monitor,South,Online,10,319.59,2716.51,15,3.7
2025-09-19,Phone,South,Online,7,703.28,3938.36,20,4.5
2025-02-22,Tablet,North,Online,6,427.09,2306.26,10,4.5
2025-11-18,Keyboard,West,Partner,19,78.43,1192.14,20,4.4
2025-11-22,Webcam,Central,Retail,11,85.85,944.38,0,3.9
2025-10-30,Laptop,Central,Retail,3,872.38,2617.14,0,3.1
2025-02-09,Phone,North,Retail,17,715.08,11548.51,5,4.1
2025-10-20,Headphones,North,Retail,16,143.68,2069.01,10,3.1
2025-02-13,Monitor,West,Partner,2,359.2,718.4,0,5.0
2025-11-09,Tablet,West,Online,10,436.78,4149.39,5,3.7
2025-11-20,Case,West,Online,4,17.35,62.46,10,3.6
2025-06-20,Phone,East,Online,5,710.57,3552.83,0,4.3
2025-11-01,Phone,West,Online,13,672.38,7429.79,15,4.6
2025-11-27,Mouse,Central,Retail,1,49.08,49.08,0,4.9
2025-04-09,Headphones,West,Partner,5,163.9,819.5,0,4.6
2025-09-27,Laptop,South,Partner,20,928.11,18562.3,0,3.3
2025-11-16,Tablet,East,Partner,2,468.86,890.84,5,4.4
2025-05-26,Keyboard,South,Retail,8,74.8,598.38,0,4.6
2025-12-14,Webcam,West,Retail,15,97.62,1171.48,20,3.8
2025-03-24,Headphones,Central,Partner,5,157.98,631.91,20,4.3
2025-02-22,Monitor,West,Online,10,373.51,3735.11,0,3.5
2025-08-12,Phone,North,Retail,8,761.41,4873.01,20,3.7
2025-01-28,Mouse,North,Retail,8,49.02,372.55,5,3.7
2025-02-20,Case,South,Partner,5,20.11,100.54,0,4.7
2025-08-29,Keyboard,West,Partner,3,80.82,242.47,0,4.7
2025-11-08,Monitor,East,Partner,10,343.64,3436.43,0,3.1
2025-11-15,Keyboard,West,Online,16,72.09,1038.13,10,4.3
2025-03-15,Charger,North,Partner,20,28.59,571.79,0,3.8
2025-07-04,Phone,North,Retail,18,762.39,12350.65,10,4.0
2025-08-29,Laptop,North,Retail,12,923.39,11080.72,0,3.7
2025-05-04,Phone,West,Retail,11,736.96,8106.51,0,
2025-11-26,Tablet,South,Online,15,478.67,6103.02,15,3.4
2025-08-23,Laptop,Central,Partner,2,861.86,1378.98,20,3.1
2025-07-23,Monitor,North,Partner,2,347.14,555.43,20,3.6
2025-06-19,Charger,East,Retail,12,26.82,305.77,5,4.5
2025-04-06,Keyboard,East,Online,12,82.03,787.53,20,4.6
2025-08-09,Webcam,Central,Partner,6,97.81,528.19,10,3.2
2025-06-01,Charger,North,Partner,14,28.69,401.61,0,3.7
2025-06-30,Webcam,North,Partner,9,97.87,748.68,15,4.9
2025-11-23,Mouse,East,Online,6,47.66,285.96,0,4.2
2025-03-06,Phone,West,Online,12,662.09,7945.11,0,4.1
2025-12-14,Keyboard,West,Retail,12,86.09,981.44,5,4.1
2025-07-23,Case,South,Retail,8,19.57,156.55,0,
2025-09-23,Mouse,South,Partner,4,53.05,212.21,0,4.4
2025-05-27,Keyboard,East,Online,5,74.26,297.05,20,3.3
2025-12-16,Case,South,Partner,3,19.64,53.02,10,4.8
2025-12-30,Tablet,South,Online,17,475.37,8081.36,0,3.4
2025-09-10,Laptop,South,Partner,19,873.99,16605.79,0,5.0
2025-02-14,Phone,West,Online,16,672.34,9681.68,10,3.8
2025-03-06,Case,West,Partner,15,19.54,278.46,5,3.7
2025-10-28,Tablet,North,Partner,5,473.05,2246.97,5,4.7
2025-03-20,Charger,West,Retail,11,27.06,252.96,15,4.9
2025-02-10,Charger,West,Online,18,27.24,490.29,0,3.6
2025-09-15,Tablet,West,Retail,19,457.24,8687.64,0,4.2
2025-10-16,Laptop,West,Retail,1,957.48,957.48,0,
2025-11-30,Headphones,West,Retail,14,156.96,1977.64,10,4.0
2025-11-25,Charger,South,Retail,13,28.9,375.71,0,4.4
2025-08-01,Keyboard,Central,Partner,11,78.44,776.54,10,4.7
2025-06-26,Mouse,East,Online,12,45.38,490.12,10,3.6
2025-05-17,Keyboard,West,Retail,4,75.02,300.07,0,3.8
2025-05-08,Tablet,East,Partner,19,477.15,7705.98,15,4.5
2025-08-28,Keyboard,East,Online,16,84.99,1359.83,0,3.8
2025-04-21,Webcam,East,Retail,2,86.38,172.76,0,4.8
2025-10-02,Laptop,East,Retail,14,961.42,13459.9,0,4.5
2025-01-24,Mouse,East,Partner,18,44.6,802.82,0,3.6
2025-08-19,Monitor,North,Retail,20,333.62,5671.62,15,3.3
2025-07-11,Case,East,Partner,12,19.22,184.51,20,4.2
2025-01-21,Laptop,West,Partner,11,816.1,7181.65,20,3.9
2025-03-13,Case,Central,Partner,11,20.64,227.03,0,4.2
2025-06-22,Monitor,North,Retail,18,371.91,6359.74,5,3.6
2025-06-19,Phone,North,Partner,19,766.09,14555.71,0,4.5
2025-08-31,Charger,East,Online,19,31.71,542.22,10,3.1
2025-09-26,Webcam,West,Partner,13,93.89,1220.54,0,3.5
2025-02-26,Headphones,East,Partner,11,134.66,1407.24,5,4.4
2025-11-10,Keyboard,Central,Partner,2,84.89,144.31,15,3.4
2025-09-02,Monitor,Central,Partner,6,340.4,1940.29,5,3.7
2025-12-15,Charger,Central,Retail,7,29.64,207.47,0,3.6
2025-12-27,Headphones,Central,Retail,16,154.67,2474.71,0,4.1
2025-03-04,Webcam,South,Retail,13,92.14,1137.98,5,4.9
2025-01-22,Charger,East,Online,3,31.64,94.92,0,4.3
2025-04-14,Monitor,West,Online,18,333.03,5095.28,15,3.2
2025-05-05,Laptop,East,Retail,17,929.54,15802.11,0,3.1
2025-08-30,Phone,South,Retail,5,724.33,3621.65,0,5.0
2025-12-01,Keyboard,North,Online,7,78.64,440.4,20,3.6
2025-11-30,Webcam,North,Retail,2,84.23,168.47,0,4.7
2025-09-11,Tablet,West,Partner,10,488.21,4882.07,0,
2025-02-24,Case,West,Retail,18,18.18,294.54,10,4.9
2025-05-20,Headphones,South,Online,11,158.2,1740.23,0,4.3
2025-06-22,Charger,East,Retail,7,29.39,205.75,0,4.3
2025-09-21,Case,South,Online,4,17.43,69.72,0,4.0
2025-05-14,Mouse,North,Retail,9,46.41,417.67,0,4.4
2025-12-01,Case,East,Partner,2,19.73,33.55,15,3.6
2025-09-15,Charger,South,Retail,10,30.1,301.04,0,3.4
2025-03-20,Keyboard,East,Partner,20,82.91,1658.28,0,4.1
2025-12-07,Headphones,West,Partner,20,156.8,2508.85,20,4.1
2025-07-05,Phone,South,Partner,4,757.33,3029.32,0,4.8
2025-10-02,Tablet,West,Retail,17,418.88,6764.84,5,3.4
2025-02-16,Monitor,West,Online,2,345.19,655.87,5,3.8
2025-10-14,Keyboard,Central,Online,10,81.73,694.7,15,
2025-04-22,Webcam,North,Online,14,81.4,1139.6,0,4.1
2025-08-30,Laptop,East,Retail,6,860.72,4131.45,20,4.3
2025-07-15,Keyboard,West,Online,13,84.84,1047.77,5,4.9
2025-12-01,Case,South,Online,18,17.55,300.12,5,4.5
2025-01-12,Charger,South,Retail,18,28.79,492.23,5,4.6
2025-06-27,Tablet,North,Online,4,428.85,1715.41,0,3.8
2025-04-16,Phone,North,Online,2,643.21,1222.09,5,4.4
2025-01-23,Mouse,South,Partner,18,48.4,871.23,0,4.6
2025-05-29,Headphones,Central,Online,19,158.41,3009.8,0,4.5
2025-06-04,Tablet,West,Partner,17,492.62,8374.46,0,3.6
2025-03-31,Mouse,West,Retail,2,49.55,99.09,0,4.3
2025-12-23,Mouse,South,Online,10,48.1,456.96,5,4.1
2025-06-03,Tablet,West,Online,2,476.46,857.63,10,3.8
2025-07-18,Headphones,Central,Online,11,141.7,1324.88,15,3.9
2025-10-02,Headphones,North,Online,13,135.64,1498.78,15,3.1
2025-10-28,Monitor,North,Online,7,329.25,1843.79,20,3.6
2025-04-08,Phone,East,Online,16,733.51,11736.22,0,4.4
2025-10-10,Case,Central,Retail,13,20.05,247.58,5,3.7
2025-09-20,Keyboard,Central,Retail,16,78.46,1004.32,20,4.8
2025-07-31,Laptop,West,Partner,8,910.24,6189.65,15,3.5
2025-08-02,Charger,East,Partner,11,26.98,296.82,0,4.7
2025-12-02,Case,South,Partner,16,18.08,245.86,15,4.0
2025-06-30,Tablet,North,Partner,18,416.67,7125.03,5,4.8
2025-01-18,Phone,South,Partner,2,761.24,1217.98,20,
2025-04-29,Phone,West,Partner,1,727.96,727.96,0,3.7
2025-12-08,Webcam,West,Retail,16,96.35,1541.55,0,
2025-01-07,Laptop,East,Online,9,904.29,7324.74,10,3.0
2025-02-24,Phone,Central,Retail,8,702.41,5619.27,0,3.5
2025-07-23,Phone,South,Retail,13,681.25,8413.47,5,5.0
2025-12-17,Phone,East,Online,2,720.49,1440.98,0,3.8
2025-11-23,Laptop,Central,Partner,3,935.47,2666.09,5,4.3
2025-02-18,Monitor,West,Retail,8,378.26,3026.05,0,4.4
2025-05-19,Laptop,Central,Online,9,975.26,7899.64,10,3.1
2025-04-17,Webcam,West,Retail,13,82.67,1074.67,0,4.1
2025-12-13,Monitor,West,Partner,5,337.25,1349.02,20,4.4
2025-06-27,Laptop,West,Partner,8,826.66,5290.65,20,4.2
2025-07-23,Case,Central,Partner,9,17.21,123.93,20,4.0
2025-07-12,Mouse,Central,Online,19,45.92,741.61,15,4.5
2025-02-07,Phone,East,Retail,13,666.56,7365.52,15,3.3
2025-07-04,Phone,South,Online,10,641.89,6098.0,5,3.5
2025-04-06,Mouse,Central,Partner,18,48.5,785.68,10,3.1
2025-02-17,Webcam,East,Online,11,90.75,798.56,20,3.6
2025-10-14,Headphones,Central,Retail,6,151.14,770.84,15,3.3
2025-09-10,Tablet,North,Retail,14,409.78,5736.94,0,4.0
2025-05-09,Headphones,South,Retail,16,155.58,2240.39,10,3.9
2025-01-04,Mouse,Central,Retail,20,47.36,899.76,5,3.7
2025-11-30,Webcam,Central,Online,11,82.52,816.98,10,3.4
2025-07-23,Case,Central,Retail,16,18.21,262.19,10,3.7
2025-07-06,Phone,West,Online,7,759.4,4784.24,10,3.4
2025-08-25,Headphones,East,Partner,10,147.17,1177.33,20,4.6
2025-09-13,Tablet,East,Online,8,460.97,3687.79,0,4.4
2025-08-18,Webcam,East,Partner,13,88.63,1036.98,10,4.8
2025-01-19,Case,South,Partner,18,19.77,320.21,10,3.2
2025-12-07,Case,East,Retail,20,17.73,354.64,0,4.3
2025-08-09,Phone,West,Partner,9,630.57,5675.17,0,4.0
2025-10-22,Headphones,West,Online,13,147.38,1820.19,5,4.2
2025-06-26,Laptop,South,Retail,10,895.9,8511.07,5,3.2
2025-06-09,Case,East,Partner,7,18.83,118.63,10,4.0
2025-12-23,Keyboard,Central,Partner,10,76.14,761.39,0,3.2
2025-02-25,Tablet,West,Retail,8,487.61,3510.77,10,3.3
2025-08-25,Headphones,North,Partner,6,157.87,947.24,0,3.9
2025-11-11,Headphones,South,Online,14,147.5,1961.71,5,
2025-05-23,Phone,North,Retail,18,709.81,12776.64,0,3.4
2025-12-10,Keyboard,North,Retail,11,79.44,786.44,10,3.8
2025-06-30,Keyboard,Central,Online,10,80.85,727.69,10,4.3
2025-05-03,Charger,West,Online,12,26.78,273.14,15,3.8
2025-10-22,Mouse,South,Partner,16,48.25,656.14,15,4.8
2025-03-27,Keyboard,Central,Online,6,75.66,453.98,0,4.2
2025-09-06,Tablet,East,Retail,13,421.62,4932.98,10,4.0
2025-12-30,Keyboard,South,Retail,3,78.82,212.82,10,
2025-01-17,Charger,East,Partner,10,27.4,274.04,0,4.1
2025-09-19,Phone,West,Online,9,709.17,5105.99,20,5.0
2025-08-14,Monitor,South,Retail,14,329.35,4610.96,0,4.3
2025-01-17,Keyboard,South,Online,3,75.25,214.47,5,3.2
2025-10-29,Case,South,Online,20,20.37,346.32,15,4.2
2025-01-31,Webcam,Central,Retail,9,86.34,699.39,10,3.6
2025-10-21,Charger,East,Online,17,31.62,456.97,15,3.3
2025-05-22,Tablet,South,Partner,5,467.09,2335.44,0,3.6
2025-07-21,Keyboard,North,Retail,9,73.35,561.1,15,3.9
2025-09-21,Charger,North,Partner,12,30.13,343.47,5,3.7
2025-02-17,Keyboard,South,Retail,12,81.13,778.85,20,4.1
2025-04-19,Keyboard,East,Retail,10,75.34,753.43,0,3.3
2025-12-16,Laptop,East,Retail,15,817.36,12260.41,0,4.7
2025-01-01,Mouse,Central,Online,5,46.08,195.85,15,4.7
2025-12-02,Case,East,Partner,12,18.05,184.13,15,3.3
2025-06-06,Headphones,North,Online,3,146.89,374.57,15,3.4
2025-10-31,Headphones,Central,Online,15,149.58,2243.69,0,
2025-08-05,Tablet,North,Retail,8,447.0,3397.18,5,4.6
2025-07-08,Charger,West,Partner,5,26.9,114.31,15,3.3
2025-01-05,Webcam,South,Retail,15,91.67,1375.06,0,4.3
2025-11-12,Keyboard,East,Retail,3,84.69,254.06,0,3.2
2025-08-08,Case,West,Partner,8,20.11,160.85,0,3.5
2025-11-08,Charger,South,Partner,1,30.62,24.49,20,4.8
2025-11-07,Monitor,South,Retail,13,327.27,4254.48,0,4.6
2025-07-17,Phone,Central,Retail,20,662.8,13256.06,0,5.0
2025-03-09,Mouse,East,Online,19,52.54,948.27,5,4.4
2025-01-09,Webcam,North,Retail,9,81.3,731.72,0,
2025-09-17,Charger,North,Partner,17,29.75,404.54,20,4.4
2025-10-02,Monitor,South,Online,9,357.1,3213.9,0,4.0
2025-10-02,Case,South,Online,3,18.58,55.75,0,4.5
2025-05-06,Phone,South,Online,4,758.36,2881.78,5,3.1
2025-01-07,Tablet,Central,Online,6,467.09,2662.44,5,4.0
2025-07-10,Tablet,North,Retail,9,471.43,3606.44,15,4.5
2025-08-08,Charger,East,Retail,9,29.14,222.91,15,4.3
2025-09-19,Case,North,Partner,19,17.31,328.9,0,3.5
2025-12-12,Phone,North,Online,17,661.03,11237.53,0,
2025-01-24,Keyboard,West,Partner,5,76.85,384.25,0,4.7
2025-12-02,Mouse,North,Partner,8,46.3,351.88,5,3.6
2025-07-10,Phone,North,Retail,2,699.29,1398.57,0,4.0
2025-02-05,Keyboard,Central,Online,10,84.78,847.83,0,3.9
2025-05-30,Webcam,East,Online,20,94.06,1881.28,0,4.2
2025-10-07,Headphones,North,Retail,14,138.59,1940.22,0,3.7
2025-01-01,Mouse,East,Retail,10,52.42,524.2,0,5.0
2025-01-31,Tablet,West,Retail,3,468.01,1404.02,0,4.8
2025-12-25,Case,East,Online,3,18.84,50.87,10,3.3
2025-10-31,Webcam,East,Partner,5,81.21,406.04,0,4.7
2025-06-17,Case,West,Online,8,18.82,150.56,0,3.3
2025-03-21,Phone,South,Retail,15,652.08,9781.19,0,4.1
2025-06-07,Keyboard,West,Online,4,75.29,301.15,0,4.4
2025-04-21,Case,Central,Retail,8,17.66,141.31,0,3.1
2025-03-31,Laptop,East,Online,15,980.29,13233.87,10,3.5
2025-03-13,Phone,North,Partner,8,630.77,5046.17,0,3.8
2025-10-28,Charger,East,Online,3,31.42,94.26,0,3.4
2025-02-17,Case,East,Retail,15,17.57,263.48,0,4.1
2025-01-16,Mouse,Central,Retail,6,50.8,304.77,0,3.4
2025-03-18,Laptop,West,Retail,20,919.52,18390.33,0,4.0
2025-02-01,Phone,West,Online,5,668.21,3174.01,5,4.8
2025-11-19,Monitor,East,Retail,13,369.58,3843.63,20,4.0
2025-10-17,Monitor,West,Online,9,336.55,3028.93,0,
2025-01-16,Charger,South,Online,16,26.44,380.73,10,4.2
2025-02-21,Headphones,North,Online,9,153.67,1244.76,10,4.8
2025-10-22,Mouse,Central,Partner,6,47.58,285.46,0,3.6
2025-01-15,Case,East,Partner,19,20.7,393.31,0,3.4
2025-06-08,Tablet,West,Retail,3,448.14,1344.42,0,3.4
2025-01-01,Case,Central,Online,7,20.59,115.29,20,4.4
2025-01-12,Tablet,Central,Online,5,456.78,1827.11,20,4.1
2025-07-11,Mouse,East,Partner,11,49.84,548.27,0,5.0
2025-09-07,Case,Central,Online,18,17.76,271.76,15,4.2
2025-12-07,Webcam,South,Partner,13,94.6,1229.76,0,3.6
2025-01-01,Webcam,West,Online,19,87.07,1654.34,0,3.6
2025-11-24,Webcam,Central,Retail,16,81.95,1311.25,0,3.2
2025-03-27,Phone,South,Online,11,743.97,7774.47,5,
2025-12-21,Phone,East,Retail,4,678.1,2305.53,15,
2025-08-03,Tablet,East,Partner,16,483.53,7349.7,5,3.8
2025-11-30,Headphones,Central,Retail,3,138.95,333.47,20,3.6
2025-02-23,Phone,North,Retail,13,676.88,8799.5,0,4.1
2025-11-01,Webcam,East,Online,1,96.0,91.2,5,3.3
2025-01-28,Phone,West,Retail,7,675.39,4491.32,5,4.4
2025-12-05,Charger,East,Online,4,27.82,111.3,0,4.1
2025-01-28,Case,East,Online,3,17.11,51.34,0,4.3
2025-02-19,Laptop,East,Retail,10,846.31,8463.1,0,3.2
2025-09-08,Charger,Central,Online,18,26.63,455.35,5,4.8
2025-08-17,Laptop,North,Online,15,856.44,12846.61,0,3.5
2025-12-23,Phone,West,Online,12,641.08,6154.39,20,4.9
2025-10-11,Laptop,East,Partner,17,960.28,15508.45,5,4.4
2025-05-01,Keyboard,West,Partner,13,75.82,788.55,20,4.0
2025-12-13,Webcam,South,Online,15,82.72,1240.87,0,3.3
2025-03-06,Laptop,West,Retail,14,885.22,12393.12,0,4.3
2025-06-13,Phone,West,Retail,18,641.27,10965.66,5,4.7
2025-01-07,Webcam,West,Partner,14,90.56,1267.82,0,3.3
2025-02-21,Phone,Central,Retail,4,707.76,2264.84,20,4.1
2025-05-16,Mouse,East,Online,19,50.52,863.84,10,3.3
2025-11-13,Webcam,South,Online,13,92.22,1198.84,0,4.8
2025-09-01,Charger,Central,Retail,1,31.3,31.3,0,3.6
2025-12-23,Phone,Central,Retail,8,765.06,6120.44,0,4.5
2025-08-02,Webcam,East,Partner,7,91.59,609.08,5,4.6
2025-07-11,Laptop,South,Partner,6,901.75,5410.47,0,4.0
2025-10-19,Laptop,North,Retail,7,840.34,4705.89,20,3.1
2025-12-27,Headphones,North,Online,15,142.26,1920.57,10,4.8
2025-07-10,Keyboard,Central,Online,6,80.49,386.33,20,4.1
2025-05-13,Phone,South,Online,13,668.95,8696.39,0,4.1
2025-11-28,Headphones,North,Retail,9,154.3,1180.36,15,3.0
2025-03-09,Tablet,Central,Partner,1,458.08,458.08,0,4.6
2025-12-30,Charger,East,Retail,13,28.56,297.0,20,3.5
2025-12-13,Monitor,Central,Partner,13,371.64,4348.15,10,4.0
2025-11-28,Webcam,Central,Partner,10,90.94,773.0,15,3.1
2025-06-16,Charger,North,Partner,10,27.61,276.15,0,4.5
2025-07-26,Case,East,Retail,1,19.69,16.73,15,3.6
2025-07-18,Laptop,South,Partner,19,913.93,13891.7,20,4.5
2025-10-01,Keyboard,West,Online,12,85.42,922.57,10,3.3
2025-05-31,Phone,South,Partner,9,694.92,5316.1,15,4.5
2025-06-21,Phone,Central,Retail,8,660.17,4489.16,15,3.8
2025-05-14,Webcam,West,Partner,4,85.33,324.27,5,4.3
2025-02-06,Keyboard,Central,Retail,17,85.15,1447.6,0,3.8
2025-01-28,Tablet,East,Online,7,416.44,2915.05,0,4.1
2025-06-11,Tablet,North,Online,16,474.05,7584.78,0,3.4
2025-08-20,Charger,North,Online,6,27.31,147.5,10,4.0
2025-11-11,Mouse,North,Partner,13,50.31,621.31,5,3.8
2025-04-13,Case,North,Partner,11,20.71,182.25,20,3.4
2025-05-08,Headphones,West,Retail,12,154.77,1857.2,0,3.8
2025-03-27,Phone,West,Retail,10,744.27,7442.73,0,4.0
2025-08-11,Tablet,East,Online,16,434.88,6958.04,0,3.3
2025-04-27,Headphones,South,Online,5,155.77,778.85,0,4.2
2025-07-07,Laptop,North,Partner,9,876.56,6311.23,20,3.1
2025-02-25,Laptop,Central,Retail,4,817.77,3107.54,5,3.2
2025-12-26,Tablet,West,Retail,1,422.55,422.55,0,3.2
2025-11-15,Webcam,West,Online,14,92.57,1036.82,20,4.0
2025-05-25,Phone,West,Online,16,738.81,11820.95,0,4.6
2025-07-03,Mouse,East,Retail,2,46.99,84.59,10,3.4
2025-05-01,Laptop,South,Online,3,811.39,2434.18,0,4.3
2025-09-19,Phone,Central,Retail,4,730.25,2921.02,0,3.9
2025-08-26,Laptop,Central,Retail,6,827.05,3969.82,20,
2025-12-13,Case,North,Online,4,18.72,74.88,0,4.8
2025-12-06,Tablet,Central,Retail,15,433.61,5853.79,10,4.5
2025-04-04,Phone,East,Retail,15,685.13,10276.93,0,4.4
2025-11-29,Tablet,West,Retail,2,414.25,662.8,20,3.8
2025-10-19,Keyboard,South,Retail,13,73.96,769.22,20,3.1
2025-09-07,Phone,North,Partner,15,753.19,11297.78,0,4.3
2025-12-14,Monitor,Central,Partner,19,367.67,5937.93,15,5.0
2025-09-25,Webcam,East,Online,8,81.8,621.64,5,4.4
2025-10-13,Webcam,South,Online,6,81.07,437.78,10,4.7
2025-09-09,Case,East,Retail,9,18.02,162.14,0,4.1
2025-05-01,Phone,Central,Online,19,693.28,12513.73,5,4.0
2025-09-12,Laptop,North,Partner,14,827.56,11585.77,0,3.0
2025-11-13,Charger,Central,Retail,18,31.26,562.73,0,3.9
2025-01-28,Headphones,Central,Partner,11,159.26,1576.68,10,4.2
2025-08-20,Phone,Central,Partner,8,642.72,5141.77,0,4.7
2025-09-25,Case,East,Online,2,19.77,39.54,0,4.6
2025-05-11,Webcam,South,Partner,4,83.59,267.48,20,3.9
2025-06-23,Phone,East,Retail,2,734.95,1249.41,15,4.2
2025-12-04,Webcam,North,Partner,5,97.12,461.32,5,
2025-08-10,Webcam,West,Online,17,88.7,1206.27,20,3.4
2025-03-07,Phone,East,Retail,20,683.26,12298.67,10,4.0
2025-11-08,Headphones,East,Partner,11,142.25,1564.78,0,3.3
2025-12-25,Monitor,West,Partner,18,334.96,4823.48,20,4.5
2025-04-22,Headphones,South,Partner,10,140.35,1192.97,15,4.3
2025-10-05,Case,East,Partner,12,19.8,213.83,10,4.1
2025-10-01,Charger,North,Online,14,31.19,349.32,20,
2025-07-15,Tablet,Central,Partner,2,408.87,817.73,0,4.6
2025-05-09,Tablet,East,Online,10,479.48,4794.76,0,3.1
2025-11-12,Monitor,Central,Partner,18,374.47,6403.37,5,4.6
2025-12-07,Laptop,Central,Partner,13,975.68,12049.67,5,5.0
2025-01-28,Laptop,East,Online,7,942.81,5939.71,10,4.7
2025-11-21,Case,South,Retail,18,19.97,305.53,15,4.6
2025-08-18,Tablet,North,Retail,3,492.41,1477.24,0,4.5
2025-01-21,Mouse,North,Retail,9,46.84,421.52,0,4.7
2025-08-27,Tablet,West,Partner,11,407.69,4036.1,10,4.9
